{"cameraMode":{"drawMode":0,"name":"Shaded","section":"Shading Mode"},"sceneLighting":true,"audioPlay":false,"sceneViewState":{"m_AlwaysRefresh":false,"showFog":true,"showSkybox":true,"showFlares":true,"showImageEffects":true,"showParticleSystems":true,"showVisualEffectGraphs":true,"m_FxEnabled":true},"in2DMode":false,"pivot":{"x":48.95425033569336,"y":-57.67486572265625,"z":482.3111572265625},"rotation":{"x":-0.06622594594955445,"y":-0.03232536092400551,"z":0.002146750222891569,"w":-0.9972808957099915},"size":274.79351806640627,"orthographic":false}